branch_id,branch_name,month,review_count,average_rating,average_sentiment_score,negative_ratio,is_zero_volume,is_observed,anomaly_score,is_anomaly,alert_reasons,alert_severity
gachibowli,Gachibowli,2026-08,25,3.2,-0.008136,0.2,False,True,-0.196248,True,"['rating_drop_vs_previous_month', 'model_outlier']",high
gachibowli,Gachibowli,2023-06,28,3.6429,-0.025108,0.1786,False,True,-0.195089,True,['model_outlier'],medium
jubilee_hills,Jubilee Hills,2017-06,11,4.9091,0.117424,0.0,False,True,-0.167137,True,['model_outlier'],medium
banjara_hills,Banjara Hills,2025-12,45,3.2889,-0.009276,0.1333,False,True,-0.102837,True,"['rating_drop_vs_previous_month', 'model_outlier']",high
banjara_hills,Banjara Hills,2026-06,51,3.1961,0.022374,0.1373,False,True,-0.087864,True,"['rating_drop_vs_previous_month', 'model_outlier']",high
jubilee_hills,Jubilee Hills,2017-08,13,4.4615,0.127092,0.0,False,True,-0.077936,True,['model_outlier'],medium
jubilee_hills,Jubilee Hills,2017-07,15,4.8,0.077292,0.0,False,True,-0.076227,True,['model_outlier'],medium
gachibowli,Gachibowli,2025-06,40,3.725,-0.011036,0.1,False,True,-0.075372,True,['model_outlier'],medium
jubilee_hills,Jubilee Hills,2019-12,897,4.2631,0.038725,0.0111,False,True,-0.070438,True,['model_outlier'],medium
gachibowli,Gachibowli,2026-06,48,3.4167,0.024409,0.1458,False,True,-0.06239,True,"['rating_drop_vs_previous_month', 'model_outlier']",high
banjara_hills,Banjara Hills,2023-08,56,3.3036,0.013994,0.125,False,True,-0.061839,True,"['rating_drop_vs_previous_month', 'model_outlier']",high
banjara_hills,Banjara Hills,2026-04,52,3.3654,0.051626,0.0962,False,True,-0.05668,True,"['rating_drop_vs_previous_month', 'model_outlier']",high
jubilee_hills,Jubilee Hills,2020-02,966,4.2743,0.0462,0.0062,False,True,-0.050732,True,['model_outlier'],medium
jubilee_hills,Jubilee Hills,2026-04,62,3.5161,0.004384,0.1129,False,True,-0.043013,True,['model_outlier'],medium
banjara_hills,Banjara Hills,2025-06,43,4.0698,0.125031,0.0,False,True,-0.04176,True,['model_outlier'],medium
jubilee_hills,Jubilee Hills,2020-01,936,4.2265,0.063908,0.0085,False,True,-0.039168,True,['model_outlier'],medium
jubilee_hills,Jubilee Hills,2017-09,30,4.3333,0.120674,0.0,False,True,-0.009711,True,"['review_volume_shift_vs_previous_month', 'model_outlier']",high
banjara_hills,Banjara Hills,2026-01,43,3.5349,0.026665,0.1163,False,True,-0.003772,True,['model_outlier'],medium
jubilee_hills,Jubilee Hills,2019-11,820,4.2744,0.051428,0.0073,False,True,-0.002681,True,['model_outlier'],medium
banjara_hills,Banjara Hills,2023-02,35,3.6,0.054847,0.0857,False,True,-0.001608,True,['model_outlier'],medium
jubilee_hills,Jubilee Hills,2019-09,710,4.3296,0.046574,0.007,False,True,-0.000531,True,['model_outlier'],medium
banjara_hills,Banjara Hills,2024-12,30,3.5667,0.019537,0.1,False,True,0.000354,False,['rating_drop_vs_previous_month'],medium
jubilee_hills,Jubilee Hills,2018-04,140,4.1286,0.097871,0.0,False,True,0.00434,False,[],low
jubilee_hills,Jubilee Hills,2023-10,245,3.7959,0.022031,0.0531,False,True,0.006017,False,[],low
jubilee_hills,Jubilee Hills,2021-10,471,4.0064,0.050722,0.0318,False,True,0.008812,False,[],low
jubilee_hills,Jubilee Hills,2020-07,25,4.36,0.108889,0.0,False,True,0.009261,False,[],low
jubilee_hills,Jubilee Hills,2018-01,140,4.4571,0.065175,0.0,False,True,0.009889,False,[],low
banjara_hills,Banjara Hills,2023-04,27,4.0741,0.051404,0.0741,False,True,0.013341,False,[],low
jubilee_hills,Jubilee Hills,2026-08,27,4.1481,0.003344,0.0,False,True,0.013478,False,['review_volume_shift_vs_previous_month'],medium
banjara_hills,Banjara Hills,2025-11,37,3.8378,0.098596,0.0,False,True,0.017427,False,[],low
banjara_hills,Banjara Hills,2026-08,19,4.4737,0.085205,0.0,False,True,0.018664,False,[],low
jubilee_hills,Jubilee Hills,2022-07,419,3.9117,0.03237,0.0358,False,True,0.019089,False,[],low
jubilee_hills,Jubilee Hills,2019-08,616,4.2419,0.043173,0.013,False,True,0.02167,False,[],low
banjara_hills,Banjara Hills,2021-11,135,4.3481,0.048265,0.037,False,True,0.024567,False,[],low
jubilee_hills,Jubilee Hills,2021-09,485,4.1526,0.07434,0.0206,False,True,0.02466,False,[],low
jubilee_hills,Jubilee Hills,2024-05,153,3.7647,0.008454,0.0458,False,True,0.024975,False,[],low
jubilee_hills,Jubilee Hills,2024-09,87,3.977,0.00112,0.046,False,True,0.026229,False,[],low
gachibowli,Gachibowli,2025-04,34,3.8824,0.097905,0.0,False,True,0.026676,False,[],low
jubilee_hills,Jubilee Hills,2025-03,74,4.1216,0.002243,0.027,False,True,0.027494,False,[],low
jubilee_hills,Jubilee Hills,2024-07,122,3.623,0.018889,0.0574,False,True,0.027912,False,[],low
banjara_hills,Banjara Hills,2022-05,43,4.3488,0.018695,0.0,False,True,0.029357,False,[],low
gachibowli,Gachibowli,2023-07,28,3.8214,0.054924,0.0714,False,True,0.029824,False,[],low
jubilee_hills,Jubilee Hills,2023-09,221,3.914,0.038548,0.0543,False,True,0.030336,False,[],low
banjara_hills,Banjara Hills,2026-05,45,3.8222,0.094326,0.0222,False,True,0.035395,False,[],low
banjara_hills,Banjara Hills,2023-09,37,4.0811,0.0941,0.027,False,True,0.036945,False,[],low
jubilee_hills,Jubilee Hills,2021-12,516,4.0969,0.060901,0.0155,False,True,0.038469,False,[],low
gachibowli,Gachibowli,2026-03,30,3.6,0.034639,0.0667,False,True,0.038671,False,[],low
jubilee_hills,Jubilee Hills,2020-03,497,4.3179,0.044702,0.0101,False,True,0.038903,False,[],low
jubilee_hills,Jubilee Hills,2017-11,59,4.3559,0.095734,0.0,False,True,0.039005,False,[],low
jubilee_hills,Jubilee Hills,2018-07,121,4.3306,0.09431,0.0083,False,True,0.041045,False,[],low
banjara_hills,Banjara Hills,2022-09,36,4.1667,0.065977,0.0556,False,True,0.041656,False,[],low
jubilee_hills,Jubilee Hills,2017-12,113,4.1593,0.091656,0.0088,False,True,0.042073,False,[],low
jubilee_hills,Jubilee Hills,2019-10,672,4.2679,0.052226,0.0089,False,True,0.043066,False,[],low
jubilee_hills,Jubilee Hills,2020-10,275,4.1891,0.068784,0.0291,False,True,0.044498,False,[],low
jubilee_hills,Jubilee Hills,2020-12,531,4.1525,0.061099,0.0207,False,True,0.045129,False,[],low
jubilee_hills,Jubilee Hills,2019-03,425,4.3412,0.067971,0.0118,False,True,0.045197,False,[],low
jubilee_hills,Jubilee Hills,2021-01,617,4.2156,0.055061,0.0097,False,True,0.045846,False,[],low
jubilee_hills,Jubilee Hills,2026-07,65,3.5538,0.013466,0.0462,False,True,0.046481,False,[],low
banjara_hills,Banjara Hills,2025-09,43,4.0233,0.044455,0.0698,False,True,0.046495,False,[],low
jubilee_hills,Jubilee Hills,2022-10,394,3.9772,0.034096,0.0152,False,True,0.047041,False,[],low
jubilee_hills,Jubilee Hills,2024-08,105,3.6,0.027057,0.0571,False,True,0.047189,False,[],low
banjara_hills,Banjara Hills,2025-04,11,4.0,0.030808,0.0,False,True,0.047292,False,['review_volume_shift_vs_previous_month'],medium
jubilee_hills,Jubilee Hills,2021-02,535,4.1757,0.054783,0.0056,False,True,0.047665,False,[],low
jubilee_hills,Jubilee Hills,2022-01,409,4.0024,0.037672,0.0293,False,True,0.049897,False,[],low
jubilee_hills,Jubilee Hills,2025-11,72,3.5417,0.032693,0.0139,False,True,0.050462,False,[],low
banjara_hills,Banjara Hills,2023-12,36,4.3611,0.070361,0.0278,False,True,0.052007,False,[],low
jubilee_hills,Jubilee Hills,2023-01,397,3.9043,0.039526,0.0327,False,True,0.052692,False,[],low
banjara_hills,Banjara Hills,2022-07,31,4.1935,0.01991,0.0323,False,True,0.053012,False,[],low
jubilee_hills,Jubilee Hills,2022-03,414,3.9227,0.050287,0.0242,False,True,0.053019,False,[],low
jubilee_hills,Jubilee Hills,2019-06,434,4.2857,0.058662,0.0023,False,True,0.053294,False,[],low
jubilee_hills,Jubilee Hills,2019-07,425,4.3388,0.065348,0.0094,False,True,0.053605,False,[],low
jubilee_hills,Jubilee Hills,2025-06,77,3.6494,0.014086,0.0649,False,True,0.05363,False,[],low
gachibowli,Gachibowli,2025-07,40,3.55,0.025722,0.025,False,True,0.054858,False,[],low
jubilee_hills,Jubilee Hills,2022-05,443,4.0903,0.045022,0.0226,False,True,0.054871,False,[],low
jubilee_hills,Jubilee Hills,2021-08,498,4.2711,0.053627,0.0181,False,True,0.055916,False,[],low
banjara_hills,Banjara Hills,2026-02,50,3.66,0.061636,0.04,False,True,0.055923,False,[],low
jubilee_hills,Jubilee Hills,2018-05,146,4.226,0.08149,0.0,False,True,0.056822,False,[],low
banjara_hills,Banjara Hills,2021-12,188,4.367,0.04818,0.016,False,True,0.05689,False,[],low
jubilee_hills,Jubilee Hills,2023-05,269,3.9145,0.025712,0.026,False,True,0.056999,False,[],low
jubilee_hills,Jubilee Hills,2022-06,401,3.99,0.050478,0.01,False,True,0.057395,False,[],low
jubilee_hills,Jubilee Hills,2022-09,364,3.9643,0.039563,0.0357,False,True,0.057631,False,[],low
jubilee_hills,Jubilee Hills,2025-12,87,3.6092,0.034437,0.0575,False,True,0.058415,False,[],low
gachibowli,Gachibowli,2025-05,27,4.0,0.082148,0.037,False,True,0.058798,False,[],low
jubilee_hills,Jubilee Hills,2025-07,76,3.8421,0.022143,0.0658,False,True,0.059006,False,[],low
gachibowli,Gachibowli,2024-01,100,4.0,0.084575,0.03,False,True,0.059637,False,[],low
jubilee_hills,Jubilee Hills,2022-11,381,3.9186,0.040223,0.0315,False,True,0.059657,False,[],low
banjara_hills,Banjara Hills,2025-02,22,4.2273,0.041555,0.0455,False,True,0.060915,False,[],low
jubilee_hills,Jubilee Hills,2018-11,211,4.3697,0.064406,0.0047,False,True,0.061341,False,[],low
gachibowli,Gachibowli,2025-11,26,4.1923,0.072128,0.0385,False,True,0.061652,False,[],low
jubilee_hills,Jubilee Hills,2020-06,22,4.4091,0.064394,0.0,False,True,0.062329,False,[],low
jubilee_hills,Jubilee Hills,2022-02,351,3.9373,0.055719,0.0114,False,True,0.06237,False,[],low
jubilee_hills,Jubilee Hills,2024-06,126,3.746,0.040862,0.0476,False,True,0.062906,False,[],low
jubilee_hills,Jubilee Hills,2024-01,165,4.1879,0.033497,0.0303,False,True,0.063071,False,[],low
gachibowli,Gachibowli,2024-12,36,3.7778,0.055732,0.0556,False,True,0.065142,False,[],low
jubilee_hills,Jubilee Hills,2019-01,402,4.1915,0.074528,0.0124,False,True,0.065599,False,[],low
jubilee_hills,Jubilee Hills,2024-04,102,3.8039,0.013047,0.0196,False,True,0.066331,False,[],low
jubilee_hills,Jubilee Hills,2018-03,182,4.2857,0.080547,0.0165,False,True,0.066524,False,[],low
jubilee_hills,Jubilee Hills,2022-12,412,4.0049,0.043403,0.0218,False,True,0.066639,False,[],low
jubilee_hills,Jubilee Hills,2023-06,273,3.9927,0.028571,0.0256,False,True,0.068924,False,[],low
jubilee_hills,Jubilee Hills,2023-04,275,4.0364,0.03893,0.0109,False,True,0.069499,False,[],low
banjara_hills,Banjara Hills,2022-02,41,4.3659,0.058197,0.0244,False,True,0.070159,False,['review_volume_shift_vs_previous_month'],medium
jubilee_hills,Jubilee Hills,2020-11,378,4.2407,0.074527,0.0132,False,True,0.070552,False,[],low
gachibowli,Gachibowli,2025-12,44,3.5682,0.028018,0.0455,False,True,0.07108,False,['rating_drop_vs_previous_month'],medium
jubilee_hills,Jubilee Hills,2024-10,111,3.8378,0.014944,0.036,False,True,0.071124,False,[],low
banjara_hills,Banjara Hills,2024-05,87,3.7701,0.008217,0.046,False,True,0.07116,False,[],low
jubilee_hills,Jubilee Hills,2021-03,521,4.1881,0.054538,0.0134,False,True,0.072759,False,[],low
jubilee_hills,Jubilee Hills,2021-04,265,4.1094,0.072354,0.0151,False,True,0.072776,False,[],low
jubilee_hills,Jubilee Hills,2021-07,397,4.1083,0.057816,0.0176,False,True,0.073032,False,['review_volume_shift_vs_previous_month'],medium
jubilee_hills,Jubilee Hills,2024-03,107,3.7009,0.042445,0.0374,False,True,0.07309,False,[],low
jubilee_hills,Jubilee Hills,2023-02,266,4.0677,0.051748,0.0338,False,True,0.074071,False,[],low
gachibowli,Gachibowli,2023-08,106,4.1132,0.026085,0.0094,False,True,0.074237,False,['review_volume_shift_vs_previous_month'],medium
banjara_hills,Banjara Hills,2026-07,37,3.9189,0.01924,0.0,False,True,0.074301,False,[],low
jubilee_hills,Jubilee Hills,2025-08,86,3.8488,0.017715,0.0581,False,True,0.074701,False,[],low
jubilee_hills,Jubilee Hills,2018-02,136,4.3088,0.076257,0.0147,False,True,0.074917,False,[],low
jubilee_hills,Jubilee Hills,2018-10,234,4.265,0.073745,0.0043,False,True,0.075274,False,[],low
banjara_hills,Banjara Hills,2022-10,32,4.125,0.017759,0.0312,False,True,0.076411,False,[],low
gachibowli,Gachibowli,2024-04,63,3.746,0.033463,0.0635,False,True,0.076438,False,[],low
jubilee_hills,Jubilee Hills,2023-07,289,3.9066,0.05103,0.0242,False,True,0.077591,False,[],low
gachibowli,Gachibowli,2025-03,32,3.8125,0.014554,0.0312,False,True,0.078139,False,[],low
jubilee_hills,Jubilee Hills,2023-08,259,3.9537,0.042874,0.0347,False,True,0.078258,False,[],low
gachibowli,Gachibowli,2026-01,32,3.9062,0.009934,0.0312,False,True,0.078617,False,[],low
jubilee_hills,Jubilee Hills,2019-04,406,4.2438,0.065608,0.0123,False,True,0.078692,False,[],low
jubilee_hills,Jubilee Hills,2026-03,56,3.7143,0.014257,0.0536,False,True,0.078812,False,[],low
gachibowli,Gachibowli,2024-09,46,3.8696,0.077678,0.0217,False,True,0.078834,False,[],low
jubilee_hills,Jubilee Hills,2020-08,98,4.3367,0.076833,0.0102,False,True,0.079538,False,['review_volume_shift_vs_previous_month'],medium
jubilee_hills,Jubilee Hills,2018-09,213,4.2911,0.075099,0.0141,False,True,0.079722,False,[],low
jubilee_hills,Jubilee Hills,2021-11,355,4.2225,0.046547,0.0169,False,True,0.079773,False,[],low
jubilee_hills,Jubilee Hills,2022-04,348,4.0345,0.04604,0.0172,False,True,0.080687,False,[],low
jubilee_hills,Jubilee Hills,2019-02,325,4.2462,0.067231,0.0062,False,True,0.081554,False,[],low
jubilee_hills,Jubilee Hills,2023-11,195,4.1385,0.042692,0.0103,False,True,0.081655,False,[],low
jubilee_hills,Jubilee Hills,2022-08,374,4.0909,0.055082,0.016,False,True,0.081667,False,[],low
gachibowli,Gachibowli,2024-11,36,4.1111,0.038766,0.0556,False,True,0.081818,False,[],low
gachibowli,Gachibowli,2025-10,41,4.1707,0.020997,0.0244,False,True,0.082432,False,[],low
jubilee_hills,Jubilee Hills,2021-06,23,4.1739,0.084896,0.0,False,True,0.083488,False,[],low
banjara_hills,Banjara Hills,2023-07,52,4.0962,0.048296,0.0577,False,True,0.083747,False,[],low
jubilee_hills,Jubilee Hills,2026-02,64,3.6875,0.017328,0.0469,False,True,0.084389,False,[],low
jubilee_hills,Jubilee Hills,2026-05,59,3.7119,0.035494,0.0169,False,True,0.084792,False,[],low
jubilee_hills,Jubilee Hills,2023-03,272,3.9522,0.038618,0.0184,False,True,0.085031,False,[],low
jubilee_hills,Jubilee Hills,2019-05,420,4.2881,0.058977,0.0071,False,True,0.085208,False,[],low
banjara_hills,Banjara Hills,2023-06,50,3.76,0.023233,0.06,False,True,0.085282,False,[],low
jubilee_hills,Jubilee Hills,2025-02,53,4.2264,0.035426,0.0189,False,True,0.085564,False,[],low
jubilee_hills,Jubilee Hills,2024-02,117,3.8889,0.039466,0.0513,False,True,0.08577,False,[],low
jubilee_hills,Jubilee Hills,2024-11,91,4.1429,0.052995,0.044,False,True,0.086082,False,[],low
jubilee_hills,Jubilee Hills,2018-08,187,4.3209,0.067436,0.0107,False,True,0.086364,False,[],low
banjara_hills,Banjara Hills,2025-08,47,4.0213,0.017628,0.0426,False,True,0.087033,False,[],low
jubilee_hills,Jubilee Hills,2018-12,316,4.2785,0.066186,0.0095,False,True,0.0873,False,[],low
banjara_hills,Banjara Hills,2024-09,64,3.7969,0.060921,0.0156,False,True,0.088228,False,[],low
jubilee_hills,Jubilee Hills,2020-05,32,4.3438,0.070028,0.0,False,True,0.088417,False,[],low
gachibowli,Gachibowli,2025-02,29,4.2414,0.046589,0.0,False,True,0.09031,False,[],low
banjara_hills,Banjara Hills,2023-01,40,4.0,0.026874,0.0,False,True,0.090559,False,[],low
jubilee_hills,Jubilee Hills,2025-01,65,3.9385,0.020145,0.0462,False,True,0.0913,False,[],low
banjara_hills,Banjara Hills,2023-03,42,3.9524,0.059449,0.0476,False,True,0.091444,False,[],low
jubilee_hills,Jubilee Hills,2018-06,102,4.2353,0.068084,0.0098,False,True,0.092082,False,[],low
banjara_hills,Banjara Hills,2022-06,46,4.1087,0.074105,0.0,False,True,0.092484,False,[],low
banjara_hills,Banjara Hills,2024-10,63,3.8254,0.016046,0.0476,False,True,0.09268,False,[],low
banjara_hills,Banjara Hills,2024-08,69,3.8696,0.046926,0.0,False,True,0.093039,False,[],low
banjara_hills,Banjara Hills,2024-11,32,4.0938,0.067888,0.0312,False,True,0.093759,False,[],low
banjara_hills,Banjara Hills,2025-01,23,4.3043,0.066262,0.0,False,True,0.09385,False,[],low
gachibowli,Gachibowli,2023-12,81,4.321,0.057365,0.0123,False,True,0.093986,False,[],low
gachibowli,Gachibowli,2024-07,66,4.0152,0.022653,0.0152,False,True,0.09423,False,[],low
gachibowli,Gachibowli,2023-11,87,4.069,0.051402,0.0,False,True,0.094244,False,[],low
gachibowli,Gachibowli,2024-05,68,3.8971,0.033741,0.0588,False,True,0.094735,False,[],low
jubilee_hills,Jubilee Hills,2023-12,195,3.9897,0.044817,0.0308,False,True,0.095102,False,[],low
gachibowli,Gachibowli,2025-08,49,3.9796,0.019352,0.0204,False,True,0.096316,False,[],low
jubilee_hills,Jubilee Hills,2021-05,32,4.25,0.070003,0.0,False,True,0.096386,False,['review_volume_shift_vs_previous_month'],medium
gachibowli,Gachibowli,2024-06,51,4.0,0.039579,0.0588,False,True,0.096458,False,[],low
banjara_hills,Banjara Hills,2022-01,154,4.2143,0.059932,0.0065,False,True,0.096681,False,[],low
jubilee_hills,Jubilee Hills,2020-09,198,4.2172,0.064216,0.0101,False,True,0.097006,False,['review_volume_shift_vs_previous_month'],medium
banjara_hills,Banjara Hills,2022-12,53,3.8491,0.035147,0.0566,False,True,0.097097,False,[],low
gachibowli,Gachibowli,2025-09,38,3.8158,0.059768,0.0263,False,True,0.097584,False,[],low
banjara_hills,Banjara Hills,2024-06,74,3.7703,0.021595,0.027,False,True,0.097697,False,[],low
jubilee_hills,Jubilee Hills,2017-10,38,4.1842,0.079183,0.0,False,True,0.097956,False,[],low
gachibowli,Gachibowli,2025-01,38,3.8421,0.062405,0.0263,False,True,0.098692,False,[],low
gachibowli,Gachibowli,2023-10,111,4.2523,0.05995,0.009,False,True,0.099021,False,[],low
banjara_hills,Banjara Hills,2025-07,78,3.8077,0.026894,0.0256,False,True,0.100326,False,[],low
gachibowli,Gachibowli,2024-10,56,4.0179,0.043453,0.0,False,True,0.100643,False,[],low
gachibowli,Gachibowli,2023-09,108,4.037,0.050494,0.0278,False,True,0.100837,False,[],low
jubilee_hills,Jubilee Hills,2026-06,75,3.9467,0.029387,0.0133,False,True,0.10133,False,[],low
jubilee_hills,Jubilee Hills,2025-05,59,3.8136,0.030374,0.0508,False,True,0.101943,False,[],low
banjara_hills,Banjara Hills,2024-02,70,4.0857,0.03148,0.0143,False,True,0.102571,False,[],low
gachibowli,Gachibowli,2026-02,38,3.9737,0.046672,0.0526,False,True,0.10319,False,[],low
jubilee_hills,Jubilee Hills,2025-09,77,4.1299,0.032777,0.026,False,True,0.103632,False,[],low
banjara_hills,Banjara Hills,2026-03,44,4.1136,0.048522,0.0455,False,True,0.103796,False,[],low
gachibowli,Gachibowli,2026-04,41,3.9756,0.052498,0.0488,False,True,0.103845,False,[],low
jubilee_hills,Jubilee Hills,2024-12,110,3.9273,0.037271,0.0273,False,True,0.103881,False,[],low
gachibowli,Gachibowli,2024-08,54,3.8148,0.030004,0.0185,False,True,0.104249,False,[],low
banjara_hills,Banjara Hills,2023-05,43,3.907,0.063137,0.0233,False,True,0.105111,False,[],low
gachibowli,Gachibowli,2024-02,86,3.9419,0.030306,0.0349,False,True,0.105194,False,[],low
banjara_hills,Banjara Hills,2024-01,39,3.7949,0.037025,0.0256,False,True,0.105378,False,['rating_drop_vs_previous_month'],medium
gachibowli,Gachibowli,2026-07,40,3.8,0.035722,0.05,False,True,0.105456,False,[],low
banjara_hills,Banjara Hills,2022-03,75,4.1733,0.060229,0.0,False,True,0.105714,False,[],low
banjara_hills,Banjara Hills,2025-10,59,4.0508,0.029655,0.0169,False,True,0.106824,False,[],low
jubilee_hills,Jubilee Hills,2020-04,25,4.0,0.044276,0.04,False,True,0.107227,False,['review_volume_shift_vs_previous_month'],medium
banjara_hills,Banjara Hills,2024-03,73,4.1233,0.036132,0.0137,False,True,0.108865,False,[],low
banjara_hills,Banjara Hills,2022-04,46,4.1957,0.048048,0.0,False,True,0.109928,False,[],low
banjara_hills,Banjara Hills,2023-10,36,4.1111,0.055394,0.0278,False,True,0.111493,False,[],low
jubilee_hills,Jubilee Hills,2025-04,60,4.2,0.056303,0.0167,False,True,0.111527,False,[],low
gachibowli,Gachibowli,2026-05,45,4.0667,0.045973,0.0,False,True,0.111922,False,[],low
banjara_hills,Banjara Hills,2025-05,47,4.0426,0.032649,0.0213,False,True,0.11197,False,['review_volume_shift_vs_previous_month'],medium
banjara_hills,Banjara Hills,2023-11,35,4.1429,0.053861,0.0,False,True,0.112051,False,[],low
jubilee_hills,Jubilee Hills,2026-01,70,3.9286,0.028602,0.0429,False,True,0.112331,False,[],low
gachibowli,Gachibowli,2024-03,65,4.0769,0.060112,0.0154,False,True,0.113895,False,[],low
banjara_hills,Banjara Hills,2024-07,76,4.0,0.049875,0.0263,False,True,0.116294,False,[],low
banjara_hills,Banjara Hills,2024-04,59,3.9661,0.029274,0.0339,False,True,0.118061,False,[],low
banjara_hills,Banjara Hills,2022-08,50,4.14,0.06197,0.02,False,True,0.120295,False,[],low
jubilee_hills,Jubilee Hills,2025-10,74,3.8784,0.047353,0.027,False,True,0.121423,False,[],low
banjara_hills,Banjara Hills,2022-11,45,4.1111,0.045242,0.0222,False,True,0.124049,False,[],low
