antecedent,consequent,support,confidence,lift
sentiment:Negative,rating_low,0.018392,0.888244,8.300004
aspect:waiting_time,aspect:service,0.01124,0.346296,6.838581
aspect:waiting_time,"aspect:food_quality,sentiment:Neutral",0.013944,0.42963,6.670987
aspect:service,"aspect:ambience,aspect:food_quality",0.015718,0.310386,5.656126
aspect:price_value,"aspect:food_quality,sentiment:Neutral",0.012382,0.362996,5.636341
"aspect:service,rating_high",aspect:ambience,0.014335,0.505832,5.486172
aspect:service,"aspect:food_quality,sentiment:Neutral",0.01719,0.339466,5.270988
"aspect:waiting_time,rating_high",aspect:ambience,0.010248,0.47427,5.143849
"aspect:service,sentiment:Neutral",aspect:ambience,0.010849,0.456962,4.956131
"aspect:food_quality,aspect:service",aspect:ambience,0.015718,0.452422,4.906893
aspect:waiting_time,aspect:ambience,0.013884,0.427778,4.639604
"aspect:ambience,aspect:service",aspect:food_quality,0.015718,0.780597,4.437029
aspect:service,aspect:ambience,0.020135,0.397626,4.312584
aspect:waiting_time,"aspect:ambience,rating_high",0.010248,0.315741,4.281285
"aspect:service,rating_high",aspect:food_quality,0.021337,0.752916,4.279687
"aspect:service,sentiment:Positive",aspect:food_quality,0.014425,0.745342,4.236632
"aspect:service,sentiment:Neutral",aspect:food_quality,0.01719,0.724051,4.115611
"aspect:food_quality,sentiment:Neutral",aspect:ambience,0.024132,0.374708,4.064022
aspect:quantity,aspect:food_quality,0.015567,0.695302,3.952199
aspect:service,aspect:food_quality,0.034741,0.686053,3.899629
"aspect:waiting_time,rating_high",aspect:food_quality,0.014696,0.680111,3.865853
aspect:price_value,aspect:ambience,0.012051,0.353304,3.831874
"aspect:price_value,rating_high",aspect:food_quality,0.014726,0.674003,3.831131
"aspect:waiting_time,sentiment:Neutral",aspect:food_quality,0.013944,0.66571,3.783995
aspect:price_value,aspect:food_quality,0.02263,0.663436,3.771069
aspect:waiting_time,aspect:food_quality,0.021488,0.662037,3.763116
"aspect:food_quality,rating_high",sentiment:Positive,0.093614,0.726954,3.724886
sentiment:Positive,"aspect:food_quality,rating_high",0.093614,0.479674,3.724886
"aspect:ambience,sentiment:Neutral",aspect:food_quality,0.024132,0.645498,3.669108
"aspect:price_value,sentiment:Neutral",aspect:food_quality,0.012382,0.63876,3.630804
"aspect:food_quality,rating_high",aspect:ambience,0.042615,0.330922,3.589121
aspect:ambience,"aspect:food_quality,rating_high",0.042615,0.46219,3.589121
aspect:waiting_time,"aspect:food_quality,rating_high",0.014696,0.452778,3.516028
"aspect:ambience,rating_high",sentiment:Positive,0.049677,0.673594,3.45147
aspect:food_quality,aspect:ambience,0.054876,0.311923,3.383068
aspect:ambience,aspect:food_quality,0.054876,0.595176,3.383068
aspect:price_value,"aspect:food_quality,rating_high",0.014726,0.431718,3.35249
"aspect:ambience,rating_high",aspect:food_quality,0.042615,0.577832,3.284483
aspect:service,"aspect:food_quality,rating_high",0.021337,0.421365,3.272093
"aspect:ambience,sentiment:Positive",aspect:food_quality,0.030143,0.564752,3.210135
aspect:ambience,"aspect:food_quality,sentiment:Positive",0.030143,0.326923,3.178021
aspect:service,rating_low,0.01716,0.338872,3.16652
"aspect:service,rating_high",sentiment:Positive,0.01701,0.600212,3.075463
aspect:ambience,"rating_high,sentiment:Positive",0.049677,0.538787,3.034555
"rating_high,sentiment:Positive",aspect:food_quality,0.093614,0.527251,2.996974
aspect:food_quality,"rating_high,sentiment:Positive",0.093614,0.532115,2.996974
sentiment:Positive,aspect:food_quality,0.10287,0.527102,2.996125
aspect:food_quality,sentiment:Positive,0.10287,0.584728,2.996125
aspect:ambience,sentiment:Positive,0.053373,0.578879,2.966152
"aspect:ambience,aspect:food_quality",sentiment:Positive,0.030143,0.549288,2.81453
"aspect:price_value,rating_high",sentiment:Positive,0.01151,0.526823,2.699418
"aspect:food_quality,aspect:service",sentiment:Positive,0.014425,0.415225,2.127596
aspect:price_value,sentiment:Positive,0.013434,0.393833,2.017983
aspect:service,sentiment:Positive,0.019354,0.382196,1.958356
aspect:price_value,"rating_high,sentiment:Positive",0.01151,0.337445,1.900555
aspect:service,"rating_high,sentiment:Positive",0.01701,0.335905,1.891882
"aspect:ambience,sentiment:Positive",rating_high,0.049677,0.930743,1.175573
"aspect:food_quality,sentiment:Positive",rating_high,0.093614,0.91002,1.1494
sentiment:Positive,rating_high,0.177551,0.909763,1.149074
rating_mid,sentiment:Neutral,0.088505,0.874147,1.114795
"aspect:service,sentiment:Positive",rating_high,0.01701,0.878882,1.11007
"aspect:price_value,sentiment:Positive",rating_high,0.01151,0.856823,1.082209
aspect:ambience,rating_high,0.073749,0.79987,1.010274
sentiment:Neutral,rating_high,0.613073,0.781849,0.987513
rating_high,sentiment:Neutral,0.613073,0.77434,0.987513
rating_low,sentiment:Neutral,0.082554,0.771413,0.983779
"aspect:ambience,aspect:food_quality",rating_high,0.042615,0.776561,0.980834
"aspect:ambience,aspect:waiting_time",rating_high,0.010248,0.738095,0.93225
aspect:food_quality,rating_high,0.128775,0.731978,0.924524
"aspect:ambience,aspect:service",rating_high,0.014335,0.71194,0.899215
"aspect:food_quality,aspect:waiting_time",rating_high,0.014696,0.683916,0.863819
aspect:waiting_time,rating_high,0.021608,0.665741,0.840863
"aspect:food_quality,aspect:waiting_time",sentiment:Neutral,0.013944,0.648951,0.827604
aspect:waiting_time,sentiment:Neutral,0.020947,0.64537,0.823038
"aspect:food_quality,aspect:price_value",rating_high,0.014726,0.65073,0.821904
"aspect:ambience,sentiment:Neutral",rating_high,0.024012,0.642283,0.811234
aspect:price_value,rating_high,0.021848,0.640529,0.809018
"aspect:food_quality,rating_low",sentiment:Neutral,0.019174,0.627335,0.800038
"aspect:food_quality,rating_mid",sentiment:Neutral,0.010398,0.626812,0.79937
aspect:quantity,rating_high,0.013854,0.618792,0.781564
aspect:quantity,sentiment:Neutral,0.013644,0.609396,0.77716
"aspect:food_quality,aspect:service",rating_high,0.021337,0.614187,0.775747
"aspect:waiting_time,sentiment:Neutral",rating_high,0.012772,0.609756,0.770151
"aspect:waiting_time,rating_high",sentiment:Neutral,0.012772,0.591099,0.753825
aspect:price_value,sentiment:Neutral,0.019384,0.568282,0.724727
aspect:service,rating_high,0.02834,0.559644,0.706857
"aspect:food_quality,aspect:price_value",sentiment:Neutral,0.012382,0.547145,0.697771
"aspect:ambience,aspect:service",sentiment:Neutral,0.010849,0.538806,0.687137
"aspect:food_quality,sentiment:Neutral",rating_high,0.034831,0.540831,0.683095
"aspect:price_value,sentiment:Neutral",rating_high,0.010218,0.527132,0.665793
aspect:waiting_time,"rating_high,sentiment:Neutral",0.012772,0.393519,0.641879
"aspect:food_quality,aspect:service",sentiment:Neutral,0.01719,0.49481,0.631028
aspect:service,sentiment:Neutral,0.023742,0.468843,0.597913
"aspect:price_value,rating_high",sentiment:Neutral,0.010218,0.467675,0.596424
"aspect:service,sentiment:Neutral",rating_high,0.010909,0.459494,0.580363
"aspect:ambience,aspect:food_quality",sentiment:Neutral,0.024132,0.439759,0.560823
aspect:ambience,sentiment:Neutral,0.037385,0.405476,0.517101
"aspect:service,rating_high",sentiment:Neutral,0.010909,0.384942,0.490914
aspect:food_quality,sentiment:Neutral,0.064403,0.366074,0.466853
"aspect:ambience,rating_high",sentiment:Neutral,0.024012,0.325591,0.415224
